run,scenario,nominated,nominated_by,answer
1,natural_disaster,Victor (ENTJ),Arthur (ISTJ),"I would nominate Victor because he has a strong track record of making quick, informed decisions in high-pressure situations and can effectively communicate with the team to ensure everyone's safety. I am 85% confident that Victor would make the right call.

NOMINEE: Victor"
1,natural_disaster,Mira (INFJ),Luna (ENFP),"I believe that Mira would be the most suitable leader in this crisis scenario because she has consistently demonstrated a strong sense of emotional intelligence and empathy, which would allow her to establish a sense of safety and trust among staff during this chaotic time. Additionally, her calm and composed demeanor would help to mitigate panic and facilitate effective communication.

Confidence: 85%

NOMINEE: Mira"
1,natural_disaster,Diego (ESTP),Victor (ENTJ),"I would nominate Diego because he has experience in crisis management and has demonstrated the ability to remain calm under pressure, making him an excellent choice to lead our response efforts. His strategic thinking will also be invaluable in assessing the situation and developing a plan to ensure staff safety and system recovery.

Confidence: 90%

NOMINEE: Diego"
1,natural_disaster,Luna (ENFP),Mira (INFJ),"I would nominate Luna because she has a proven track record of staying calm under pressure and making decisive decisions in times of crisis, which I believe would be crucial in ensuring the safety of our staff and containing the damage to our systems. Her ability to think on her feet and remain focused on the bigger picture would give me confidence that she would make the right calls to prioritize the well-being of our people and minimize the impact on our operations.

NOMINEE: Luna"
1,natural_disaster,,Diego (ESTP),"I would nominate Victor. I'm choosing Victor because he has the calm and analytical thinking needed to quickly assess the situation and make decisive decisions in a chaotic environment, which is crucial for ensuring staff safety and minimizing damage.

80%"
2,natural_disaster,Victor (ENTJ),Arthur (ISTJ),"I would nominate Victor because he has consistently demonstrated a calm and level-headed approach to crisis management, and his ability to think on his feet will be essential in this high-pressure situation. I have every confidence that he can effectively coordinate the response efforts and ensure the safety of our staff.

NOMINEE: Victor"
2,natural_disaster,Mira (INFJ),Luna (ENFP),"I would nominate Mira because she has consistently demonstrated her ability to remain calm under pressure and think critically in high-stress situations, which I believe would be essential in this crisis to ensure staff safety and coordinate the company's response. Additionally, her empathetic nature would allow her to connect with employees and provide emotional support during a traumatic event.

Confidence: 80%

NOMINEE: Mira"
2,natural_disaster,Arthur (ISTJ),Victor (ENTJ),"I would nominate Arthur because he has experience in crisis management and has shown the ability to remain calm under pressure, which is crucial in a high-stress situation like this. Additionally, his analytical mind will help him quickly assess the situation and develop a plan to ensure staff safety and get systems back online.

Confidence: 95%

NOMINEE: Arthur"
2,natural_disaster,Luna (ENFP),Mira (INFJ),"I would nominate Luna. I believe Luna's calm and composed nature under pressure, combined with her ability to think critically and make swift yet thoughtful decisions, makes her the best candidate to ensure staff safety and facilitate a swift response in this crisis.

95%

NOMINEE: Luna"
2,natural_disaster,Victor (ENTJ),Diego (ESTP),"I nominate Victor because he has a proven track record of making quick, decisive decisions in high-pressure situations and is not afraid to take charge when necessary. His ability to think on his feet and prioritize tasks effectively would be invaluable in this crisis.

NOMINEE: Victor"
3,natural_disaster,Victor (ENTJ),Arthur (ISTJ),"I would nominate Victor because he has a proven track record of staying calm under pressure and making rational decisions in crisis situations, which would be crucial in ensuring the safety of staff and stabilizing the company's systems. Additionally, his leadership style is characterized by clear communication and a focus on process, which would help to maintain order and stability during this chaotic time.

Confidence: 90%

NOMINEE: Victor"
3,natural_disaster,Mira (INFJ),Luna (ENFP),"I would nominate Mira because she has consistently demonstrated exceptional emotional intelligence, empathy, and leadership skills, which are crucial in a crisis situation where staff safety and well-being are paramount. Her ability to build rapport and foster open communication will help establish trust and ensure that everyone's concerns are heard.

Confidence: 85%

NOMINEE: Mira"
3,natural_disaster,Arthur (ISTJ),Victor (ENTJ),"I would nominate Arthur as the leader in this scenario because he has experience in crisis management and has shown exceptional calmness under pressure, making him an ideal candidate to handle the chaos and uncertainty caused by the earthquake. I am confident in his abilities at 95%.

NOMINEE: Arthur"
3,natural_disaster,Arthur (ISTJ),Mira (INFJ),"I would nominate Arthur for this crisis because he has consistently demonstrated a strong sense of responsibility and accountability, which will be crucial in ensuring the safety and well-being of our staff and stabilizing our systems. His calm and composed demeanor under pressure also makes him an excellent crisis manager.

Confidence: 90%

NOMINEE: Arthur"
3,natural_disaster,Victor (ENTJ),Diego (ESTP),"I believe Victor should lead the response effort because he has a calm and analytical demeanor that will help him make level-headed decisions in this high-pressure situation. Additionally, his experience as a crisis manager will allow him to effectively coordinate the company's response and ensure staff safety.

Confidence: 95%

NOMINEE: Victor"
4,natural_disaster,Victor (ENTJ),Arthur (ISTJ),"I would nominate Victor because he has a proven track record of crisis management and decision-making under pressure, which will be essential in this chaotic situation. Additionally, his calm and composed demeanor makes him an effective communicator during stressful times.

Confidence: 85%

NOMINEE: Victor"
4,natural_disaster,Mira (INFJ),Luna (ENFP),"I believe Mira would be the best leader to handle this crisis because she has consistently demonstrated her ability to stay calm under pressure and think critically in high-stress situations. Her empathetic nature and people-focused approach would also help to establish a sense of emotional safety among staff.

Confidence: 95%

NOMINEE: Mira"
4,natural_disaster,Diego (ESTP),Victor (ENTJ),"I would nominate Diego for the role of leading our response to this crisis. I believe his calm and collected demeanor, combined with his experience in handling complex problem-solving, make him uniquely qualified to help us assess the situation, coordinate a response, and ensure the safety of our staff.

Confidence: 85%

NOMINEE: Diego"
4,natural_disaster,Arthur (ISTJ),Mira (INFJ),"As the crisis unfolds, I believe Arthur is the most suitable leader to handle this situation due to his calm and level-headed demeanor, which will help ensure critical decisions are made with clarity and precision. His experience in managing large-scale operations will also be invaluable in coordinating the company's response to the disaster.

Confidence: 95%

NOMINEE: Arthur"
4,natural_disaster,Mira (INFJ),Diego (ESTP),"I would nominate Mira because she has demonstrated exceptional crisis management skills in the past and possesses a calm and level-headed approach to decision-making under pressure. Her ability to think on her feet and make quick, informed decisions will be crucial in ensuring staff safety and stabilizing our operations.

Confidence: 95%

NOMINEE: Mira"
5,natural_disaster,Victor (ENTJ),Arthur (ISTJ),"I would nominate Victor because he has consistently demonstrated a calm and level-headed approach to crisis management in the past, and I believe his experience with emergency response procedures would be invaluable in this situation. My confidence in his ability to lead effectively during this crisis is 95%.

NOMINEE: Victor"
5,natural_disaster,Mira (INFJ),Luna (ENFP),"I would nominate Mira because she has consistently demonstrated exceptional leadership skills in times of crisis, with a calm and composed demeanor that inspires trust among her team members. Her ability to prioritize employee safety and well-being while also focusing on critical business decisions makes her the most suitable leader to navigate this complex situation.

NOMINEE: Mira"
5,natural_disaster,Arthur (ISTJ),Victor (ENTJ),"I would nominate Arthur because his calm and analytical nature would be essential in crisis situations like this, allowing him to make rational decisions despite the chaos. Additionally, Arthur's experience as a leader in smaller teams would translate well to coordinating efforts during an emergency.

Confidence: 85%

NOMINEE: Arthur"
5,natural_disaster,Arthur (ISTJ),Mira (INFJ),"I would nominate Arthur. I believe he has the most comprehensive understanding of the company's operations and systems, having been instrumental in setting up the data centre, and his calm and level-headed demeanor would help guide the team through this crisis with clarity and confidence - 95%. 

NOMINEE: Arthur"
5,natural_disaster,Arthur (ISTJ),Diego (ESTP),"I would nominate Arthur for this scenario because his calm and collected demeanor under pressure makes him an excellent crisis manager. Additionally, his attention to detail and ability to stay focused in high-stress situations would be invaluable in quickly assessing the situation and making informed decisions to ensure staff safety.

Confidence: 95%

NOMINEE: Arthur"
6,natural_disaster,Victor (ENTJ),Arthur (ISTJ),"I would nominate Victor because he has consistently demonstrated exceptional leadership skills during times of crisis, and his ability to remain calm and think critically under pressure will be crucial in ensuring the safety of our staff and stabilizing our operations. I am confident that Victor can lead our response efforts with the necessary decisiveness and competence.

NOMINEE: Victor"
6,natural_disaster,Mira (INFJ),Luna (ENFP),"I would nominate Mira because she has a proven track record of building strong relationships with colleagues from diverse backgrounds and has demonstrated exceptional emotional intelligence, which will be crucial in this crisis to ensure the well-being and safety of staff. Her calm and empathetic demeanor will also help to facilitate effective communication and decision-making.

Confidence: 80%

NOMINEE: Mira"
6,natural_disaster,Arthur (ISTJ),Victor (ENTJ),"I would nominate Arthur because he has demonstrated exceptional crisis management skills in the past, and his calm demeanor under pressure would be crucial in ensuring the safety of our staff. His ability to think on his feet and make swift decisions would also help us quickly assess the situation and take necessary steps to minimize damages.

Confidence: 90%

NOMINEE: Arthur"
6,natural_disaster,,Mira (INFJ),"I would nominate Arthur. I believe his calm and calculated approach to decision-making would be essential in this crisis, allowing him to assess the situation objectively and make tough but informed decisions quickly.

95% confident"
6,natural_disaster,Victor (ENTJ),Diego (ESTP),"I would nominate Victor because he has a proven track record of staying calm under pressure and making quick decisions in emergency situations, which are essential qualities for navigating this crisis. His ability to prioritize tasks and delegate effectively will be crucial in ensuring the safety of our staff and minimizing the impact on our business.

Confidence: 90%

NOMINEE: Victor"
7,natural_disaster,Victor (ENTJ),Arthur (ISTJ),"I would nominate Victor because he has consistently demonstrated a calm and level-headed approach to crisis management, and his experience in overseeing the company's disaster recovery protocols makes him well-equipped to handle this situation. I have 85% confidence that Victor will make sound decisions to ensure staff safety and stabilize the company's operations.

NOMINEE: Victor"
7,natural_disaster,Victor (ENTJ),Luna (ENFP),"I would nominate Victor because he has a proven track record of building trust with team members and fostering open communication, which will be crucial in this crisis to ensure everyone's safety and emotional well-being. Additionally, his calm and composed demeanor under pressure makes him an ideal leader to stabilize the situation.

Confidence: 85%

NOMINEE: Victor"
7,natural_disaster,Arthur (ISTJ),Victor (ENTJ),"I would nominate Arthur because he has a proven track record of handling complex crisis situations with calm and decisive leadership, which is essential in this emergency to ensure the safety of our staff and the stability of our operations. His ability to think on his feet and make quick, informed decisions will be crucial in navigating this unpredictable situation.

Confidence: 90%

NOMINEE: Arthur"
7,natural_disaster,Arthur (ISTJ),Mira (INFJ),"I am confident in Arthur's ability to lead the company through this crisis because he has consistently demonstrated calm and composed decision-making under pressure, and his strong communication skills will help keep employees informed and reassured.

I have 95% confidence that Arthur is the right leader for this situation. 

NOMINEE: Arthur"
7,natural_disaster,Victor (ENTJ),Diego (ESTP),"I would nominate Victor. I believe Victor's calm and level-headed demeanor, combined with his analytical skills, make him the best choice to navigate this crisis situation and ensure staff safety and system recovery.

Confidence: 90%

NOMINEE: Victor"
8,natural_disaster,Victor (ENTJ),Arthur (ISTJ),"I would nominate Victor because he has demonstrated exceptional crisis management skills in the past, and I believe his calm and collected demeanor will help keep everyone focused on prioritizing staff safety and finding a solution to get systems back online. Additionally, Victor is known for his attention to detail and ability to think critically under pressure.

Confidence: 90%

NOMINEE: Victor"
8,natural_disaster,,Luna (ENFP),"I would nominate Arthur because he has consistently demonstrated a strong sense of responsibility and empathy in crisis situations, always prioritizing the well-being and safety of others. His calm and composed demeanor under pressure makes him an excellent choice to lead the team through this challenging time.

95% NOMINEE: Arthur"
8,natural_disaster,Diego (ESTP),Victor (ENTJ),"I would nominate Diego because he has experience in crisis management from his previous role at a disaster relief organization and has demonstrated exceptional calmness under pressure. His ability to think critically and make swift decisions during chaotic situations makes him the best fit to lead our team through this emergency.

NOMINEE: Diego"
8,natural_disaster,Victor (ENTJ),Mira (INFJ),"I nominate Victor because I trust his ability to make swift yet thoughtful decisions during times of crisis, prioritizing the safety and well-being of our employees while also ensuring a thorough assessment of the situation. His calm demeanor and strong leadership skills would provide a sense of stability in this chaotic moment.

NOMINEE: Victor"
8,natural_disaster,Arthur (ISTJ),Diego (ESTP),"Given the crisis scenario, I would nominate Arthur because he has a proven track record of staying calm under pressure and making quick, decisive decisions in emergency situations. His ability to remain focused on the task at hand and prioritize staff safety and system recovery aligns perfectly with the immediate needs of this crisis.

Confidence: 95%

NOMINEE: Arthur"
9,natural_disaster,Victor (ENTJ),Arthur (ISTJ),"I would nominate Victor for the leader in this crisis situation because he has consistently demonstrated a calm and level-headed approach to problem-solving, even under pressure. His ability to think critically and make sound decisions quickly would be essential in ensuring the safety of staff and stabilizing the company's systems.

Confidence: 85%

NOMINEE: Victor"
9,natural_disaster,Victor (ENTJ),Luna (ENFP),"I would nominate Victor because he has consistently demonstrated exceptional crisis management skills and ability to think on his feet, which will be crucial in this chaotic situation. I am confident that he can effectively coordinate the team's response, prioritize staff safety, and communicate with stakeholders to minimize disruption.

NOMINEE: Victor"
9,natural_disaster,Arthur (ISTJ),Victor (ENTJ),"I would nominate Arthur because he has consistently demonstrated calm and level-headed decision-making in high-pressure situations, making him the most suitable leader to ensure the safety and well-being of our staff during this crisis. Additionally, his strong organizational skills will enable him to quickly assess the situation and implement effective emergency protocols.

Confidence: 95%

NOMINEE: Arthur"
9,natural_disaster,Victor (ENTJ),Mira (INFJ),"I nominate Victor because I believe his calm and composed demeanor, combined with his experience in crisis management, would be essential in this chaotic situation. He has a natural ability to prioritize tasks effectively and make swift yet thoughtful decisions.

Confidence: 95%

NOMINEE: Victor"
9,natural_disaster,Mira (INFJ),Diego (ESTP),"I would nominate Mira because she has consistently demonstrated her ability to remain calm under pressure and think critically in emergency situations, making her the most suitable leader to ensure staff safety and initiate damage assessment. Additionally, Mira's experience with crisis management protocols and data centre recovery procedures makes her uniquely qualified to handle this critical situation.

NOMINEE: Mira"
10,natural_disaster,Victor (ENTJ),Arthur (ISTJ),"I would nominate Victor because he has consistently demonstrated a calm and level-headed approach to crisis management, and I believe his experience in disaster response planning would be invaluable in this situation. I have 90% confidence that Victor's methodical thinking and ability to stay focused under pressure would enable him to make sound decisions quickly.

NOMINEE: Victor"
10,natural_disaster,Mira (INFJ),Luna (ENFP),"I would nominate Mira because she has consistently demonstrated exceptional emotional intelligence, empathy, and crisis management skills in previous situations, which I believe are essential qualities to lead the team effectively during this catastrophic event. Her ability to build rapport with others, create a sense of safety, and facilitate open dialogue will be crucial in ensuring the well-being of our staff and addressing the immediate needs.

NOMINEE: Mira"
10,natural_disaster,Arthur (ISTJ),Victor (ENTJ),"I would nominate Arthur because he has a proven track record of crisis management and has shown exceptional organizational skills in high-pressure situations. His ability to remain calm and focused under stress makes him an ideal candidate to lead the response efforts.

Confidence: 90%

NOMINEE: Arthur"
10,natural_disaster,Arthur (ISTJ),Mira (INFJ),"I would nominate Arthur because he has a proven track record of making tough decisions in high-pressure situations and prioritizing the well-being of his team members. His calm and collected demeanor would be crucial in bringing stability to the situation.

Confidence: 90%

NOMINEE: Arthur"
10,natural_disaster,Victor (ENTJ),Diego (ESTP),"I would nominate Victor because he has consistently demonstrated the ability to think on his feet and make quick decisions in high-pressure situations, which will be crucial in this emergency. His calm and composed demeanor also makes him an excellent communicator during times of crisis.

Confidence: 85%

NOMINEE: Victor"
11,natural_disaster,Victor (ENTJ),Arthur (ISTJ),"I would nominate Victor because he has consistently demonstrated a keen sense of responsibility and a willingness to take charge in high-pressure situations, which I believe are essential qualities for navigating the chaos and uncertainty following a major disaster. I have 90% confidence that Victor can effectively coordinate the response efforts and prioritize staff safety.

NOMINEE: Victor"
11,natural_disaster,Mira (INFJ),Luna (ENFP),"I would nominate Mira because she has a proven track record of being empathetic and understanding, which would be crucial in this crisis situation where staff safety is unknown and emotions are running high. Her calm and composed demeanor would also help to establish trust and facilitate open communication.

Confidence: 80%

NOMINEE: Mira"
11,natural_disaster,Mira (INFJ),Victor (ENTJ),"I would nominate Mira to lead the crisis response, as she has demonstrated exceptional organizational skills and attention to detail in her previous roles, making her well-equipped to coordinate the efforts of our teams in this high-pressure situation. I am 90% confident that Mira can effectively prioritize staff safety, secure the data centre, and guide our recovery efforts.

NOMINEE: Mira"
11,natural_disaster,Luna (ENFP),Mira (INFJ),"In this crisis scenario, I would nominate Luna because she has consistently demonstrated exceptional leadership skills in times of uncertainty and chaos, always prioritizing the well-being and safety of her team members. Her calm and composed demeanor would be a beacon of stability during this turbulent time.

I am 90% confident that my nominee will make the right decisions to ensure staff safety and minimize damage to the data centre.

NOMINEE: Luna"
11,natural_disaster,Victor (ENTJ),Diego (ESTP),"I would nominate Victor because he has a proven track record of staying calm under pressure and making sound decisions in emergency situations, which will be crucial in this chaotic crisis. Additionally, his experience with disaster recovery and business continuity planning will allow him to quickly assess the situation and develop an effective response strategy.

Confidence: 90%

NOMINEE: Victor"
12,natural_disaster,Victor (ENTJ),Arthur (ISTJ),"I would nominate Victor because he has consistently demonstrated a calm and level-headed approach to crisis management, and his experience in disaster recovery planning makes him well-equipped to oversee the response efforts. I am confident in my nomination at 85%.

NOMINEE: Victor"
12,natural_disaster,Mira (INFJ),Luna (ENFP),"I would nominate Mira because she has consistently demonstrated a unique ability to connect with people from all walks of life, and in this crisis situation, her empathetic ear and calm demeanor will be essential in reassuring staff and facilitating open communication. I'm confident that Mira can navigate the chaos and uncertainty with compassion and clarity.

NOMINEE: Mira"
12,natural_disaster,Arthur (ISTJ),Victor (ENTJ),"I would nominate Arthur. I believe Arthur's calm and level-headed demeanor, combined with his ability to think on his feet and prioritize tasks effectively, make him the best person to lead our response efforts during this crisis.

Confidence: 80%

NOMINEE: Arthur"
12,natural_disaster,Arthur (ISTJ),Mira (INFJ),"I would nominate Arthur because I trust his calm and collected demeanor to help navigate the chaos and uncertainty of this crisis, allowing him to make clear-headed decisions that prioritize staff safety and system recovery. His years of experience in crisis management also give me confidence in his ability to handle this situation effectively.

NOMINEE: Arthur"
12,natural_disaster,Arthur (ISTJ),Diego (ESTP),"I would nominate Arthur because his calm and collected demeanor under pressure would help to reassure and guide the team during this chaotic situation, while also allowing him to make swift and decisive decisions. My confidence in Arthur's ability to lead in this crisis is 95%.

NOMINEE: Arthur"
13,natural_disaster,Victor (ENTJ),Arthur (ISTJ),"I would nominate Victor because he has consistently demonstrated a calm and level-headed approach to crisis situations, and his experience in managing complex technical projects makes him well-suited to coordinate the company's response efforts. I have 80% confidence that Victor can effectively lead the team through this crisis.

NOMINEE: Victor"
13,natural_disaster,Mira (INFJ),Luna (ENFP),"I would nominate Mira because she has consistently demonstrated emotional intelligence, empathy, and strong communication skills, which are crucial in a crisis like this where staff safety and well-being are top priority. I believe her calm and reassuring demeanor would help instill trust and confidence among the team.

CONFIDENCE: 85%

NOMINEE: Mira"
13,natural_disaster,Arthur (ISTJ),Victor (ENTJ),"I would nominate Arthur as the leader in this crisis scenario because he has a proven track record of handling complex logistical challenges and has demonstrated strong problem-solving skills under pressure. His calm and composed demeanor will be essential in ensuring the safety and well-being of our staff while also coordinating the recovery efforts.

Confidence: 90%

NOMINEE: Arthur"
13,natural_disaster,Arthur (ISTJ),Mira (INFJ),"I would nominate Arthur because he has consistently demonstrated exceptional crisis management skills, thinking on his feet to keep everyone safe and calm during chaotic situations. His ability to remain composed under pressure and make quick, informed decisions makes him the ideal leader in this emergency.

Confidence: 90%

NOMINEE: Arthur"
13,natural_disaster,Arthur (ISTJ),Diego (ESTP),"I would nominate Arthur because he has a strong analytical mind and is able to think critically under pressure, which will be essential in assessing the situation and making informed decisions about staff safety and system recovery. I am confident that he can lead effectively during this crisis, with an 85% chance of success.

NOMINEE: Arthur"
14,natural_disaster,Victor (ENTJ),Arthur (ISTJ),"I would nominate Victor because he has consistently demonstrated a calm and composed demeanor in high-pressure situations, which I believe would be crucial in a crisis like this where clear decision-making and direction are essential. Additionally, his experience in emergency response planning would likely prove invaluable in assessing the situation and developing a plan to ensure staff safety.

Confidence: 85%

NOMINEE: Victor"
14,natural_disaster,Arthur (ISTJ),Luna (ENFP),"I believe Arthur would be the best choice to lead in this crisis because he has consistently demonstrated strong emotional intelligence and empathy, which will help him build rapport with staff and colleagues affected by the disaster. His calm and composed demeanor under pressure also inspires confidence.

Confidence: 85%

NOMINEE: Arthur"
14,natural_disaster,Diego (ESTP),Victor (ENTJ),"I would nominate Diego for his exceptional crisis management skills and experience in handling high-pressure situations. His calm demeanor and ability to think on his feet would be invaluable in a situation where staff safety and system recovery are paramount.

NOMINEE: Diego"
14,natural_disaster,Arthur (ISTJ),Mira (INFJ),"As I consider the crisis at hand, I believe that Arthur would be the most effective leader in this situation due to his calm and level-headed nature, which would allow him to make rational decisions amidst chaos. His experience in managing complex operations and prioritizing people's safety during times of uncertainty also makes him an ideal candidate.

CONFIDENCE: 85%

NOMINEE: Arthur"
14,natural_disaster,Victor (ENTJ),Diego (ESTP),"Given this crisis scenario, I would nominate Victor because they possess the logical and analytical skills to quickly assess the situation, identify priorities, and make informed decisions. Additionally, Victor's calm and composed demeanor in high-pressure situations makes them a trustworthy leader during this emergency.

95% confidence

NOMINEE: Victor"
15,natural_disaster,Victor (ENTJ),Arthur (ISTJ),"I would nominate Victor because he has consistently demonstrated a no-nonsense approach to crisis management, prioritizing stability and order even in the most chaotic situations. His ability to stay calm under pressure and think critically will be essential in ensuring the safety of staff and restoring critical systems.

Confidence: 90%

NOMINEE: Victor"
15,natural_disaster,Victor (ENTJ),Luna (ENFP),"In times of crisis, I believe it's crucial to have a leader who can establish emotional safety and build trust with the team. I would nominate Victor because his calm and composed demeanor makes him an excellent communicator during uncertain situations, allowing others to feel heard and understood.

Confidence: 80%

NOMINEE: Victor"
15,natural_disaster,Arthur (ISTJ),Victor (ENTJ),"I would nominate Arthur because he has extensive experience in crisis management and has demonstrated exceptional leadership skills in high-pressure situations. His calm demeanor and ability to think on his feet will be crucial in ensuring the safety and well-being of our staff and quickly assessing the situation.

Confidence: 95%

NOMINEE: Arthur"
15,natural_disaster,Diego (ESTP),Mira (INFJ),"I would nominate Diego to lead the crisis response effort because he has consistently demonstrated exceptional problem-solving skills under pressure and a deep commitment to ensuring the well-being of our employees. His calm and composed demeanor in high-stress situations gives me confidence that he will make informed decisions quickly and prioritize staff safety above all else.

Confidence: 95%

NOMINEE: Diego"
15,natural_disaster,Victor (ENTJ),Diego (ESTP),"I would nominate Victor. I choose Victor because he has a proven track record of staying calm under pressure and making quick decisions in emergency situations, which is crucial for ensuring the safety of staff and stabilizing critical systems. My confidence level is 85%.

NOMINEE: Victor"
16,natural_disaster,Victor (ENTJ),Arthur (ISTJ),"I would nominate Victor because I believe he has the most experience in crisis management and would be able to prioritize staff safety and ensure a quick and effective response. His calm and collected demeanor under pressure also gives me confidence that he would make rational decisions.

CONFIDENCE: 95%

NOMINEE: Victor"
16,natural_disaster,Mira (INFJ),Luna (ENFP),"I would nominate Mira because she has consistently demonstrated exceptional empathy and emotional intelligence in handling sensitive situations, which will be crucial in a crisis like this where staff safety is uncertain. Additionally, her calm and composed demeanor would help to reassure others and facilitate effective communication.

Confidence: 85%

NOMINEE: Mira"
16,natural_disaster,Mira (INFJ),Victor (ENTJ),"I would nominate Mira. I choose her because she has a background in crisis management and has shown exceptional organizational skills during previous company-wide crises, making her the most qualified to lead the response efforts.

Confidence level: 90%

NOMINEE: Mira"
16,natural_disaster,Arthur (ISTJ),Mira (INFJ),"I would nominate Arthur because he has consistently demonstrated a strong sense of responsibility and compassion in crisis situations, always putting the needs of others before his own. I trust that he will prioritize staff safety and take a thoughtful approach to addressing the data centre's systems outage.

NOMINEE: Arthur"
16,natural_disaster,Victor (ENTJ),Diego (ESTP),"I would nominate Victor for the crisis leadership role due to their calm and level-headed nature, which would allow them to think clearly and make rational decisions amidst the chaos. I have complete confidence in Victor's ability to lead the team through this emergency.

NOMINEE: Victor"
17,natural_disaster,Victor (ENTJ),Arthur (ISTJ),"I would nominate Victor because he has a proven track record of staying calm under pressure and making logical decisions in crisis situations, which I believe are essential qualities for navigating this chaotic situation. Additionally, as a detail-oriented individual, I trust that Victor will focus on ensuring the safety of staff and stability of systems.

Confidence: 90%

NOMINEE: Victor"
17,natural_disaster,Mira (INFJ),Luna (ENFP),"I would nominate Mira because she has a proven track record of handling complex crisis situations with empathy and clarity, and her experience in leading cross-functional teams will be crucial in ensuring the safety and well-being of our staff. I have full confidence that she can provide a steady hand during this uncertain time.

NOMINEE: Mira"
17,natural_disaster,Arthur (ISTJ),Victor (ENTJ),"I would nominate Arthur to lead the response efforts. I believe Arthur's calm and composed nature will help him make rational decisions in this chaotic situation, and his experience as a crisis manager will be invaluable in ensuring staff safety and getting systems back online quickly.

Confidence: 90%

NOMINEE: Arthur"
17,natural_disaster,Arthur (ISTJ),Mira (INFJ),"I am confident in my choice to 85%. I believe Arthur should be the leader in this crisis because he has shown exceptional ability to remain calm under pressure and make quick, informed decisions during times of uncertainty.

NOMINEE: Arthur"
17,natural_disaster,Victor (ENTJ),Diego (ESTP),"I would nominate Victor because he has a proven track record of staying calm under pressure and making quick decisions in high-stress situations, which will be crucial in this crisis. Additionally, his analytical mind and attention to detail will help us assess the situation and develop an effective plan to ensure staff safety.

Confidence: 95%

NOMINEE: Victor"
18,natural_disaster,Victor (ENTJ),Arthur (ISTJ),"I would nominate Victor because he has a proven track record of making tough decisions under pressure and prioritizing the safety of employees, which is crucial in this crisis. I am 90% confident that Victor will take charge and ensure a well-coordinated response to restore order and minimize damage.

NOMINEE: Victor"
18,natural_disaster,Arthur (ISTJ),Luna (ENFP),"I would nominate Arthur because I believe his calm and composed demeanor would help to establish trust and facilitate clear communication during this chaotic situation, allowing the team to work together effectively. His ability to remain level-headed under pressure makes him a strong candidate to lead in crisis situations.

Confidence: 80%

NOMINEE: Arthur"
18,natural_disaster,Diego (ESTP),Victor (ENTJ),"I would nominate Diego for this crisis situation. I believe Diego's calm and collected demeanor, combined with his experience in handling complex operations, makes him the best candidate to take charge and coordinate the response efforts to ensure staff safety and system recovery.

Confidence: 95%

NOMINEE: Diego"
18,natural_disaster,Victor (ENTJ),Mira (INFJ),"I would nominate Victor for this crisis because he has consistently demonstrated the ability to remain calm under pressure and make swift yet thoughtful decisions in high-stress situations. Additionally, his technical expertise and familiarity with our company's systems would be invaluable in assessing the damage and implementing a plan for recovery.

CONFIDENCE: 90%

NOMINEE: Victor"
18,natural_disaster,Victor (ENTJ),Diego (ESTP),"I would nominate Victor because he possesses the calm and composed demeanor necessary to navigate complex emergency situations, and his experience in crisis management would allow him to quickly assess the situation and make sound decisions. I have 95% confidence in his ability to lead effectively during this crisis.

NOMINEE: Victor"
19,natural_disaster,Victor (ENTJ),Arthur (ISTJ),"I would nominate Victor because he has consistently demonstrated a calm and level-headed approach to crisis management in the past, which I believe would be essential in this chaotic situation. Additionally, as a seasoned executive with experience in managing large teams and complex operations, I have confidence that he could effectively coordinate the response efforts and ensure the safety of staff.

NOMINEE: Victor"
19,natural_disaster,Victor (ENTJ),Luna (ENFP),"I would nominate Victor because he has consistently demonstrated exceptional leadership skills in times of crisis, and his ability to think on his feet and remain calm under pressure will be crucial in this situation. I am 90% confident that Victor's expertise and composure will help ensure the safety of our staff and the integrity of our systems.

NOMINEE: Victor"
19,natural_disaster,Arthur (ISTJ),Victor (ENTJ),"I would nominate Arthur because he has a strong background in crisis management and has demonstrated exceptional leadership skills during previous emergency situations. His calm and composed demeanor would be essential in this chaotic environment to ensure the safety of our employees and make informed decisions.

Confidence: 90%

NOMINEE: Arthur"
19,natural_disaster,Luna (ENFP),Mira (INFJ),"I would nominate Luna because she has consistently demonstrated exceptional crisis management skills and a deep understanding of the company's operations, making her uniquely equipped to lead the team through this challenging situation. I have complete confidence in her ability to prioritize staff safety, coordinate an effective response, and ensure the integrity of our systems.

NOMINEE: Luna"
19,natural_disaster,Arthur (ISTJ),Diego (ESTP),"I would nominate Arthur because of his calm and collected demeanor under pressure, which would be essential in a high-stress situation like an earthquake crisis. Additionally, his analytical mind would allow him to quickly assess the situation and make rational decisions about staff safety and system recovery.

Confidence: 90%

NOMINEE: Arthur"
20,natural_disaster,Victor (ENTJ),Arthur (ISTJ),"I would nominate Victor because he has a proven track record of being methodical and meticulous in his decision-making, which would be essential in the chaotic environment of an earthquake crisis. His experience in managing large-scale operations would also allow him to quickly assess the situation and make informed decisions about staff safety and system recovery.

Confidence: 80%

NOMINEE: Victor"
20,natural_disaster,Mira (INFJ),Luna (ENFP),"I would nominate Mira because she has a reputation for being calm under pressure and has shown exceptional leadership skills during times of crisis, making her the most reliable choice to ensure staff safety and coordinate the response efforts. I am confident in her abilities to 90%.

NOMINEE: Mira"
20,natural_disaster,Arthur (ISTJ),Victor (ENTJ),"I would nominate Arthur because he has a calm and analytical mindset, which would serve us well in this crisis situation where we need to assess the damage and make informed decisions quickly. His experience in managing teams and resources would also be invaluable in coordinating the response efforts.

Confidence: 95%

NOMINEE: Arthur"
20,natural_disaster,Arthur (ISTJ),Mira (INFJ),"I would nominate Arthur because he has consistently demonstrated strong leadership skills and the ability to remain calm under pressure, making him the most reliable choice in this crisis situation. I have every confidence that he will make informed decisions prioritizing staff safety while working to restore systems and ensure business continuity.

NOMINEE: Arthur"
20,natural_disaster,Victor (ENTJ),Diego (ESTP),"I'm confident in my choice to 95%. Given the urgency and uncertainty of the situation, I believe Victor's calm and analytical nature will allow him to quickly assess the situation, prioritize the most critical tasks, and make informed decisions that focus on staff safety and system recovery. His experience in crisis management and ability to think strategically under pressure make him the best choice to lead the response efforts.

NOMINEE: Victor"
