run,nominated,nominated_by,answer
1,Victor (ENTJ),Arthur (ISTJ),"I nominate Victor, a crisis leader who I believe can remain calm and focused under pressure, making rational decisions to stabilize the situation. I'm 85% confident in Victor's ability to effectively lead during a crisis.

NOMINEE: Victor"
1,Mira (INFJ),Luna (ENFP),"I'm confident that Mira would be an excellent crisis leader, possessing the emotional intelligence to create a safe and supportive environment where everyone feels heard. Her compassionate nature would help her build genuine rapport with team members, making even the most timid voices feel valued.

NOMINEE: Mira"
1,Diego (ESTP),Victor (ENTJ),"I firmly believe that Diego would excel as a crisis leader due to his ability to think on his feet and remain calm under pressure, allowing him to make swift yet informed decisions in high-stress situations. I am confident in my assessment, rating it at 90%.

NOMINEE: Diego"
1,Victor (ENTJ),Mira (INFJ),"I nominate Victor, a crisis leader who consistently demonstrates integrity, compassion, and vision, always prioritizing the well-being of others while making tough decisions. I am 90% confident in his ability to guide us through challenging times.

NOMINEE: Victor"
1,,Diego (ESTP),"I nominate Arthur because he has a proven track record of staying calm under pressure and making tough decisions quickly, which would be essential in a crisis situation - I'm 95% confident that Arthur could lead effectively."
2,Victor (ENTJ),Arthur (ISTJ),"I would nominate Victor as the crisis leader, as he has consistently demonstrated the ability to stay calm under pressure and make rational decisions in high-stress situations, which I believe are essential qualities for a crisis leader. I am 90% confident that Victor would be able to effectively lead during a crisis.

NOMINEE: Victor"
2,Mira (INFJ),Luna (ENFP),"I nominate Mira because she has the unique ability to create an atmosphere of emotional safety, allowing even the timidest voices to be heard, and I'm 80% confident that her empathetic leadership would be most effective in a crisis. Her warmth and genuine rapport-building skills would help to diffuse tension and bring the team together.

NOMINEE: Mira"
2,Diego (ESTP),Victor (ENTJ),"I nominate Diego with 90% confidence, as he possesses the strategic thinking and decisiveness required to navigate complex crisis situations, and his ability to build consensus among diverse stakeholders will be crucial in finding innovative solutions.

NOMINEE: Diego"
2,Victor (ENTJ),Mira (INFJ),"I nominate Victor, who has consistently demonstrated unwavering integrity and compassion in the face of crisis, always prioritizing the well-being of others while making tough decisions. I have complete confidence in him, rating his leadership skills 100%.

NOMINEE: Victor"
2,Victor (ENTJ),Diego (ESTP),"I'm confident in my nomination because I believe Victor's decisive and action-oriented nature would be instrumental in navigating the chaos of a crisis. With 95% confidence, I think Victor would make swift and effective decisions to mitigate the situation.

NOMINEE: Victor"
3,Victor (ENTJ),Arthur (ISTJ),"I nominate Victor as the crisis leader because he has demonstrated exceptional stability and calmness under pressure, allowing him to make rational decisions quickly. I am confident in his abilities at 85%.

NOMINEE: Victor"
3,Mira (INFJ),Luna (ENFP),"I nominate Mira because she has the exceptional ability to build rapport with anyone, creating an emotional safety net that allows even the most timid voices to be heard. I'm confident in her abilities at 85%.

NOMINEE: Mira"
3,Arthur (ISTJ),Victor (ENTJ),"I firmly believe that Arthur would be the most effective crisis leader due to his exceptional ability to remain calm under pressure and make swift, decisive decisions. I'm confident in my assessment to 95%.

NOMINEE: Arthur"
3,Luna (ENFP),Mira (INFJ),"I confidently nominate Luna, as she has consistently demonstrated the ability to navigate complex situations with empathy and compassion, making informed decisions that prioritize the well-being of others. I am 90% confident in her leadership abilities during a crisis.

NOMINEE: Luna"
3,Arthur (ISTJ),Diego (ESTP),"I firmly believe that Arthur's calm and collected demeanor, combined with his ability to think critically under pressure, would make him an exceptional crisis leader. I'm confident in his abilities 90%.

NOMINEE: Arthur"
4,Victor (ENTJ),Arthur (ISTJ),"I nominate Victor, the crisis leader who consistently demonstrates a calm and level-headed approach to decision-making under pressure, which I believe will lead to effective execution and stability in times of crisis. I am 85% confident in Victor's ability to navigate a crisis with clarity and purpose.

NOMINEE: Victor"
4,Victor (ENTJ),Luna (ENFP),"I confidently nominate Victor, who has consistently demonstrated the ability to build trust and foster open communication during times of crisis, earning my confidence at 92%. His empathetic nature allows him to create a safe space for everyone's voices to be heard, which is crucial in uncertain situations.

NOMINEE: Victor"
4,Diego (ESTP),Victor (ENTJ),"I confidently nominate Diego as the crisis leader due to his ability to think critically and make quick decisions under pressure, which I believe will enable him to effectively navigate complex and challenging situations. I am 85% confident in my assessment.

NOMINEE: Diego"
4,Luna (ENFP),Mira (INFJ),"I firmly believe that Luna should be recognized as the crisis leader who acts with integrity, protects the vulnerable, and keeps sight of long-term human consequences alongside immediate decisions. I am confident in my assessment to 95%.

NOMINEE: Luna"
4,Luna (ENFP),Diego (ESTP),"I'm confident in my nomination because I think this person's boldness and ability to act quickly would be crucial in a crisis situation. Based on their natural leadership skills and ability to read people well, I believe that 80% of the time, Luna would make the right call.

NOMINEE: Luna"
5,Victor (ENTJ),Arthur (ISTJ),"I nominate Victor because he has consistently demonstrated his ability to stay calm under pressure and make rational decisions in high-stress situations, which I believe are essential qualities for a crisis leader. I am confident that Victor would be an effective leader in this situation 85%.

NOMINEE: Victor"
5,Victor (ENTJ),Luna (ENFP),"I nominate Victor because they possess the ability to build genuine rapport with others, creating an emotional safe space where everyone feels heard and valued. I'm confident in their leadership abilities at 80%.

NOMINEE: Victor"
5,Arthur (ISTJ),Victor (ENTJ),"I firmly believe that Arthur's decisive leadership and ability to stay calm under pressure would make him an excellent crisis leader, with a confidence level of 95%. His experience in making tough decisions and rallying teams would be invaluable in navigating complex crisis situations.

NOMINEE: Arthur"
5,Luna (ENFP),Mira (INFJ),"I believe that Luna has shown exceptional crisis leadership skills, consistently prioritizing the well-being of others and making decisions with empathy and compassion. I am confident in her abilities to guide us through a crisis at 85%.

NOMINEE: Luna"
5,Victor (ENTJ),Diego (ESTP),"I'm nominating Victor because he's known for his calm and calculated approach in high-pressure situations, which would serve him well in a crisis where rapid decision-making is crucial. I have 90% confidence in his ability to lead effectively during a crisis.

NOMINEE: Victor"
6,Victor (ENTJ),Arthur (ISTJ),"I would nominate Victor, because I believe his calm and composed demeanor under pressure, combined with his experience in navigating complex situations, make him the most reliable choice to lead during a crisis. I am 85% confident that Victor's logical approach and ability to think on his feet would enable him to make sound decisions and guide the team through the crisis effectively.

NOMINEE: Victor"
6,Diego (ESTP),Luna (ENFP),"I wholeheartedly believe that Diego would be an exemplary crisis leader due to his ability to connect with people from diverse backgrounds and foster a sense of trust, which is essential in times of uncertainty. I'm confident in his leadership skills, rating him 90%.

NOMINEE: Diego"
6,Arthur (ISTJ),Victor (ENTJ),"I nominate Arthur with 85% confidence because he has consistently demonstrated the ability to remain calm under pressure and make tough decisions when necessary, which I believe are essential qualities for a crisis leader. His experience in managing complex operations and making strategic decisions also gives me faith that he can effectively guide a team through a challenging situation.

NOMINEE: Arthur"
6,Luna (ENFP),Mira (INFJ),"I am confident in my nomination to 90%. I choose Luna because she has consistently shown exceptional empathy and leadership skills, always putting the needs of others before her own and inspiring those around her to do the same.

NOMINEE: Luna"
6,,Diego (ESTP),"I nominate Arthur as the crisis leader because he possesses a unique combination of strategic thinking and interpersonal skills, allowing him to effectively communicate with and lead others in high-pressure situations - I'm confident in his abilities to 85%."
7,Diego (ESTP),Arthur (ISTJ),"I nominate Diego, the crisis leader who has consistently demonstrated a calm and level-headed approach to complex situations, making sound decisions even under intense pressure. I am confident in his abilities to 90%.

NOMINEE: Diego"
7,Victor (ENTJ),Luna (ENFP),"I'm nominating Victor because I believe his empathetic leadership style, ability to build trust, and emphasis on open communication would help create a safe space for even the timid voices to be heard. I have 90% confidence in Victor's crisis leadership abilities.

NOMINEE: Victor"
7,Arthur (ISTJ),Victor (ENTJ),"I nominate Arthur, a crisis leader who excels at making tough decisions and rallying teams to achieve their goals, with a confidence level of 85%. His calm demeanor under pressure and ability to think strategically would be invaluable in navigating complex crisis situations.

NOMINEE: Arthur"
7,Luna (ENFP),Mira (INFJ),"I deeply respect Luna for her unwavering commitment to justice and her ability to inspire others to stand up against tyranny, even in the darkest of times. I am confident that she would make a 95% effective crisis leader.

NOMINEE: Luna"
7,Arthur (ISTJ),Diego (ESTP),"I confidently choose Arthur as the crisis leader because he possesses a unique ability to remain calm under pressure and make swift decisions with a clear head. His level-headedness would allow him to effectively navigate complex situations and inspire confidence in those around him, 85%.

NOMINEE: Arthur"
8,Victor (ENTJ),Arthur (ISTJ),"I confidently nominate Victor as the crisis leader because he has consistently demonstrated the ability to remain calm and composed under pressure, making swift yet informed decisions that prioritize stability and order. I am 85% confident in his ability to lead effectively during a crisis.

NOMINEE: Victor"
8,Victor (ENTJ),Luna (ENFP),"I nominate Victor, a crisis leader who embodies empathy, warmth, and courage, always prioritizing genuine rapport and heartfelt dialogue to ensure even the timid voices are heard. I'm confident in my choice at 85%.

NOMINEE: Victor"
8,,Victor (ENTJ),"I nominate Arthur as the crisis leader I would trust to make tough decisions, leveraging his strategic thinking and calm demeanor to navigate complex situations with confidence - 85%."
8,Luna (ENFP),Mira (INFJ),"I nominate Luna with 80% confidence because she has consistently shown a deep understanding of the human impact of her decisions and has taken a courageous stand against injustice, even when it meant going against popular opinion. Her empathetic nature and ability to stay calm under pressure make her an excellent crisis leader.

NOMINEE: Luna"
8,Luna (ENFP),Diego (ESTP),"I'm nominating Luna because she's an INTP who excels at analyzing complex situations, identifying patterns, and finding innovative solutions - skills that would serve her well in a crisis leadership role. I have 85% confidence in her ability to adapt quickly and make informed decisions under pressure.

NOMINEE: Luna"
9,Victor (ENTJ),Arthur (ISTJ),"I nominate Victor as the crisis leader due to his calm and collected demeanor under pressure, which allows him to think critically and make rational decisions even in the most chaotic situations. I am confident in my choice at 90%.

NOMINEE: Victor"
9,Mira (INFJ),Luna (ENFP),"I wholeheartedly believe that Mira would be an exceptional crisis leader, leveraging her remarkable empathy and ability to create emotional safety for all team members. With 95% confidence, I think she would inspire genuine rapport and heartfelt dialogue, making even the most timid voices feel heard.

NOMINEE: Mira"
9,Arthur (ISTJ),Victor (ENTJ),"I believe that Arthur would be an excellent crisis leader due to his calm and composed demeanor, which would allow him to make rational decisions under pressure. I'm confident in my assessment at 95%.

NOMINEE: Arthur"
9,Arthur (ISTJ),Mira (INFJ),"I am confident in Arthur's crisis leadership abilities to 85%. I believe he would make rational decisions while prioritizing the well-being and safety of all individuals involved, guided by his strong sense of justice and compassion.

NOMINEE: Arthur"
9,Arthur (ISTJ),Diego (ESTP),"I'm confident in nominating Arthur as the crisis leader, as he possesses a rare combination of strategic thinking and decisive action, allowing him to effectively navigate complex situations. I'd rate my confidence level at 85%.

NOMINEE: Arthur"
10,Victor (ENTJ),Arthur (ISTJ),"I nominate Victor with 80% confidence because he has consistently demonstrated the ability to remain calm under pressure and make rational decisions quickly, even in the most challenging situations. I trust that he will prioritize stability and order over personal opinions or emotions.

NOMINEE: Victor"
10,Mira (INFJ),Luna (ENFP),"I nominate Mira because she has the ability to create an emotional safety net for her team members, allowing them to feel heard and valued even in times of crisis. I'm confident that she can lead effectively with a high level of empathy and compassion.

NOMINEE: Mira"
10,Arthur (ISTJ),Victor (ENTJ),"I nominate Arthur with 85% confidence because he has consistently demonstrated exceptional leadership skills in the face of adversity, and his calm and collected demeanor would be invaluable during a crisis. I believe Arthur's ability to think critically and make tough decisions quickly would help guide us through even the most challenging situations.

NOMINEE: Arthur"
10,Arthur (ISTJ),Mira (INFJ),"I nominate Arthur because he has consistently demonstrated integrity and compassion in the face of crisis, always prioritizing the well-being of others over personal gain. I am confident that 90% of the time he would make decisions that align with what is best for the greater good.

NOMINEE: Arthur"
10,Victor (ENTJ),Diego (ESTP),"I nominate Victor with 80% confidence because I believe his calculated risk-taking and ability to think on his feet would serve him well in a crisis situation where quick decision-making is crucial. His calm demeanor under pressure would also inspire trust in those around him.

NOMINEE: Victor"
11,Victor (ENTJ),Arthur (ISTJ),"I nominate Victor, the crisis leader who prioritizes clear communication, steady decision-making, and reliable execution, which I believe would be effective in a high-pressure situation. I'm confident in my nomination to 80%.

NOMINEE: Victor"
11,Arthur (ISTJ),Luna (ENFP),"I nominate Arthur because he has the ability to build genuine rapport with others, creating an emotional safety net that allows even timid voices to be heard. I'm confident in his leadership abilities 85%.

NOMINEE: Arthur"
11,Arthur (ISTJ),Victor (ENTJ),"I confidently nominate Arthur as the crisis leader, as his calm and analytical approach would provide a much-needed stabilizing influence in times of turmoil, allowing him to effectively coordinate efforts and make sound decisions with 85% confidence. With Arthur at the helm, I believe he would be able to rally others and drive decisive action towards resolving the crisis.

NOMINEE: Arthur"
11,Arthur (ISTJ),Mira (INFJ),"I nominate Arthur with 90% confidence because he has consistently demonstrated the ability to remain calm and composed under pressure, making sound decisions that prioritize long-term human consequences. His commitment to protecting the vulnerable and standing up for what is right makes him a strong leader in times of crisis.

NOMINEE: Arthur"
11,Arthur (ISTJ),Diego (ESTP),"I'm nominating Arthur as the crisis leader because he's a natural problem-solver who can quickly assess situations and make decisive decisions under pressure. I have 95% confidence in his ability to lead effectively during a crisis.

NOMINEE: Arthur"
12,Victor (ENTJ),Arthur (ISTJ),"I nominate Victor as the crisis leader because he has consistently demonstrated a calm and collected demeanor under pressure, allowing him to make rational decisions quickly. I am 85% confident in his ability to lead effectively during a crisis.

NOMINEE: Victor"
12,Arthur (ISTJ),Luna (ENFP),"I'm nominating Arthur because he has the rare ability to stay calm under pressure while still being empathetic and understanding towards others, which is crucial for building trust during a crisis. I have 90% confidence in Arthur's leadership abilities in times of turmoil.

NOMINEE: Arthur"
12,Arthur (ISTJ),Victor (ENTJ),"I nominate Arthur, the crisis leader who possesses exceptional adaptability and strategic thinking, which enables him to effectively navigate complex situations with a high level of confidence - 90%. 

NOMINEE: Arthur"
12,Luna (ENFP),Mira (INFJ),"I nominate Luna with 90% confidence because she has consistently shown remarkable compassion and empathy in the face of crisis, always prioritizing the well-being of others and making decisions that align with her deeply held values. I believe she would be an exceptional leader during a crisis, providing a sense of calm and stability to those around her.

NOMINEE: Luna"
12,Victor (ENTJ),Diego (ESTP),"I confidently nominate Victor, who would take decisive action to lead the team through a crisis, leveraging his sharp analytical skills and experience in high-pressure situations. With Victor at the helm, I'd estimate our chances of success would be 85%.

NOMINEE: Victor"
13,Victor (ENTJ),Arthur (ISTJ),"I nominate Victor because he has consistently demonstrated a calm and rational approach to crisis management, which I believe would be crucial in staying focused under pressure. I am 80% confident that Victor's steady leadership would help navigate the crisis effectively.

NOMINEE: Victor"
13,Victor (ENTJ),Luna (ENFP),"I nominate Victor, the crisis leader who has consistently demonstrated exceptional emotional intelligence, fostering a sense of trust and security among team members through his empathetic listening skills and genuine rapport-building abilities. I have complete confidence in Victor's leadership, rating it at 95%.

NOMINEE: Victor"
13,Arthur (ISTJ),Victor (ENTJ),"I nominate Arthur, the crisis leader who can effectively analyze complex situations, make swift decisions, and inspire others to work together towards a common goal. I have 90% confidence in his ability to lead through even the most challenging crises.

NOMINEE: Arthur"
13,Luna (ENFP),Mira (INFJ),"I confidently nominate Luna, the crisis leader who has consistently demonstrated exceptional integrity, empathy, and strategic thinking in the face of adversity, earning my trust a staggering 95% of the time. Her ability to balance short-term needs with long-term consequences is unparalleled, making her an exemplary leader in times of crisis.

NOMINEE: Luna"
13,Victor (ENTJ),Diego (ESTP),"I nominate Victor with 80% confidence because Victor's quick thinking and decisive action would be essential in an emergency situation, allowing him to make split-second decisions that prioritize the well-being of everyone involved. His experience in handling high-pressure situations would give me a sense of calm knowing he's got everything under control.

NOMINEE: Victor"
14,Victor (ENTJ),Arthur (ISTJ),"I would nominate Victor as the crisis leader because he has consistently demonstrated reliable decision-making under pressure, prioritizing stability and order in chaotic situations. I am 85% confident that Victor's calm and methodical approach would help guide others through a crisis effectively.

NOMINEE: Victor"
14,Arthur (ISTJ),Luna (ENFP),"I confidently nominate Arthur with 80% certainty because I believe his empathetic nature and ability to build genuine rapport would help create a safe and supportive environment for all team members during the crisis. His approachable demeanor and willingness to listen would enable even timid voices to feel heard.

NOMINEE: Arthur"
14,Arthur (ISTJ),Victor (ENTJ),"I nominate Arthur because he has consistently demonstrated the ability to remain calm under pressure and make tough decisions quickly, which I believe are essential qualities for a crisis leader. I have 90% confidence in his ability to navigate a high-stakes situation effectively.

NOMINEE: Arthur"
14,Luna (ENFP),Mira (INFJ),"I deeply respect Luna's crisis leadership, for she consistently demonstrates unwavering compassion, empathetic listening, and steadfast commitment to protecting the vulnerable. With 95% confidence in her character, I believe Luna would make a wise and just decision-maker in times of crisis.

NOMINEE: Luna"
14,Arthur (ISTJ),Diego (ESTP),"I'm nominating Arthur as the crisis leader because he's a natural problem-solver who thinks on his feet and takes decisive action. I have 90% confidence in him to make swift and effective decisions during a crisis.

NOMINEE: Arthur"
15,Victor (ENTJ),Arthur (ISTJ),"I nominate Victor because he consistently demonstrates a calm and level-headed approach to crisis management, always prioritizing clear communication and decisive action. I have confidence in his leadership abilities at 85%.

NOMINEE: Victor"
15,Victor (ENTJ),Luna (ENFP),"I nominate Victor with 85% confidence because he has consistently demonstrated the ability to foster genuine rapport and emotional safety in times of crisis, creating a sense of trust that empowers others to speak their minds.

NOMINEE: Victor"
15,Diego (ESTP),Victor (ENTJ),"I firmly believe that Diego would be the most effective crisis leader, as his calm and composed demeanor would allow him to think clearly under pressure and make decisive decisions with confidence. I'm 80% confident in my assessment.

NOMINEE: Diego"
15,Arthur (ISTJ),Mira (INFJ),"I nominate Arthur as the crisis leader I trust most, because he has consistently demonstrated a commitment to protecting the vulnerable and making difficult decisions with integrity. I am 80% confident in his ability to navigate complex moral dilemmas and prioritize long-term human consequences.

NOMINEE: Arthur"
15,Arthur (ISTJ),Diego (ESTP),"I firmly believe that Arthur would be the best crisis leader because he possesses the ability to think critically and make quick, informed decisions under pressure. I'm confident in my assessment, scoring it at 85%.

NOMINEE: Arthur"
16,Victor (ENTJ),Arthur (ISTJ),"I nominate Victor with 80% confidence because he has consistently demonstrated a level-headed approach to crisis management, staying focused on the facts and prioritizing stability over impulsivity.

NOMINEE: Victor"
16,Mira (INFJ),Luna (ENFP),"I nominate Mira because she has the unique ability to create a sense of emotional safety, making even the most timid voices feel heard and valued. I'm confident that she can lead effectively in a crisis situation with 80% certainty.

NOMINEE: Mira"
16,Arthur (ISTJ),Victor (ENTJ),"I nominate Arthur as the crisis leader because he possesses a unique combination of calmness under pressure and exceptional strategic thinking, which would allow him to make critical decisions quickly and effectively in a crisis situation. I'm confident in his abilities at 95%.

NOMINEE: Arthur"
16,Victor (ENTJ),Mira (INFJ),"I am confident in my nomination because I believe that Victor's integrity, compassion, and strategic thinking would be invaluable during a crisis. With 95% confidence, I nominate Victor as the leader who can keep sight of long-term human consequences while making immediate decisions.

NOMINEE: Victor"
16,Victor (ENTJ),Diego (ESTP),"I nominate Victor because he has the ability to remain calm under pressure, making him an excellent crisis leader who can make quick and informed decisions. I am 80% confident in his abilities.

NOMINEE: Victor"
17,Victor (ENTJ),Arthur (ISTJ),"I nominate Victor, a crisis leader who has consistently demonstrated the ability to remain calm and logical under pressure, making informed decisions and prioritizing stability above all else. I am confident in his leadership abilities 85%.

NOMINEE: Victor"
17,Victor (ENTJ),Luna (ENFP),"I'm nominating Victor because he has a remarkable ability to build trust and rapport with others, which would be crucial in calming the crisis situation. I'm confident that Victor would do an outstanding job, 85%.

NOMINEE: Victor"
17,Arthur (ISTJ),Victor (ENTJ),"I firmly believe that Arthur would be an exceptional crisis leader, possessing the calm and level-headed demeanor necessary to make tough decisions under intense pressure. I'm confident in my assessment, giving Arthur a 90% chance of successfully navigating a crisis.

NOMINEE: Arthur"
17,Luna (ENFP),Mira (INFJ),"I nominate Luna, a crisis leader who has consistently demonstrated exceptional integrity, compassion, and strategic thinking in the face of adversity, earning my confidence at 92%. She has a unique ability to listen to others, empathize with their struggles, and empower them to work towards a common goal.

NOMINEE: Luna"
17,Victor (ENTJ),Diego (ESTP),"I'd like to nominate Victor, who would excel in crisis leadership due to their ability to remain calm under pressure and make swift decisions based on the situation at hand. I have 90% confidence that they would be effective in guiding others through a challenging crisis.

NOMINEE: Victor"
18,Victor (ENTJ),Arthur (ISTJ),"I nominate Victor as the crisis leader because he demonstrates unwavering resolve and decisiveness in high-pressure situations, consistently making sound decisions that prioritize stability and safety. I am 85% confident in his ability to lead effectively during a crisis.

NOMINEE: Victor"
18,Mira (INFJ),Luna (ENFP),"I confidently nominate Mira, as she possesses the unique ability to create emotional safety and genuine rapport in crisis situations, allowing even the timidest voices to feel heard. I'm 90% confident that her empathetic nature and heartfelt dialogue would bring people together during a crisis.

NOMINEE: Mira"
18,,Victor (ENTJ),"I nominate Arthur as the crisis leader, confident in his ability to remain calm under pressure and make swift, informed decisions with a high degree of certainty - 85%."
18,Arthur (ISTJ),Mira (INFJ),"I nominate Arthur because I believe his empathetic nature and ability to remain calm under pressure would allow him to make crucial decisions with compassion and long-term thinking in a crisis. I'm confident that he would prioritize the well-being of others and strive for fairness, making him an effective leader in a time of turmoil - 80%.

NOMINEE: Arthur"
18,Victor (ENTJ),Diego (ESTP),"I nominate Victor because of his exceptional ability to remain calm under pressure and make swift decisions in high-stress situations, which I believe would be invaluable during a crisis. I am confident in my nomination to 90%.

NOMINEE: Victor"
19,Victor (ENTJ),Arthur (ISTJ),"I nominate Victor as the crisis leader because he has consistently demonstrated a calm and level-headed approach to high-pressure situations, and I trust his ability to make rational decisions even when the stakes are high. I have 85% confidence in Victor's leadership abilities.

NOMINEE: Victor"
19,Mira (INFJ),Luna (ENFP),"I believe Mira would be an excellent crisis leader because she has a natural ability to connect with people on a deep level and create a sense of emotional safety, which is crucial in times of turmoil. I'm confident in her abilities at 85%.

NOMINEE: Mira"
19,Mira (INFJ),Victor (ENTJ),"I nominate Mira, who has consistently demonstrated the ability to remain calm under pressure and make tough decisions quickly, which I believe would serve her well in a crisis situation. I am confident in my assessment, placing her abilities at 85%.

NOMINEE: Mira"
19,Luna (ENFP),Mira (INFJ),"I wholeheartedly nominate Luna, who has consistently demonstrated exceptional leadership skills in times of crisis, always prioritizing the well-being and safety of those affected. I have unwavering confidence in her ability to guide us through even the most challenging situations, trusting her decisions with a confidence level of 98%.

NOMINEE: Luna"
19,Victor (ENTJ),Diego (ESTP),"I nominate Victor, who has the ability to remain calm under pressure and make swift decisions in high-stress situations, which I'm confident he would do 90% of the time. His experience in handling crisis situations would be invaluable in leading a team through chaos.

NOMINEE: Victor"
20,Victor (ENTJ),Arthur (ISTJ),"I nominate Victor with 85% confidence because he has consistently demonstrated reliable decision-making under pressure, prioritizing stability and order in chaotic situations. His ability to remain calm and focused while making tough choices inspires trust and credibility among others.

NOMINEE: Victor"
20,Arthur (ISTJ),Luna (ENFP),"I confidently nominate Arthur as the crisis leader who would inspire genuine rapport, emotional safety, and heartfelt dialogue, with an ability to unite people around a shared vision. I believe in his capacity to connect with others on a deep level, which would be crucial during a crisis.

NOMINEE: Arthur"
20,Arthur (ISTJ),Victor (ENTJ),"I firmly believe that Arthur would be the most effective crisis leader among the options, as his calm and calculated demeanor would allow him to assess situations objectively and make decisive decisions with confidence. I am 90% confident in my assessment.

NOMINEE: Arthur"
20,Arthur (ISTJ),Mira (INFJ),"I nominate Arthur with 90% confidence because he has consistently demonstrated integrity and compassion in the face of crisis, always putting the needs of others before his own. His calm and level-headed approach to decision-making would provide a much-needed sense of stability during chaotic times.

NOMINEE: Arthur"
20,Victor (ENTJ),Diego (ESTP),"I confidently nominate Victor, the crisis leader who can swiftly analyze situations and make swift decisions to tackle the problem head-on, boasting a 95% confidence in their ability to lead through chaos. His sharp instincts and no-nonsense approach would help guide the team towards finding innovative solutions.

NOMINEE: Victor"
